DATAFLOW,LAST UPDATE,freq,c_dest,purpose,duration,unit,geo,TIME_PERIOD,OBS_VALUE,OBS_FLAG
ESTAT:TIN00190(1.0),01/02/24 23:00:00,A,AT,TOTAL,N_GE1,NR,NL,2012,1113836,b
ESTAT:TIN00190(1.0),01/02/24 23:00:00,A,AT,TOTAL,N_GE1,NR,NL,2013,1010393,
ESTAT:TIN00190(1.0),01/02/24 23:00:00,A,AT,TOTAL,N_GE1,NR,NL,2014,1000454,
ESTAT:TIN00190(1.0),01/02/24 23:00:00,A,AT,TOTAL,N_GE1,NR,NL,2015,967966,
ESTAT:TIN00190(1.0),01/02/24 23:00:00,A,AT,TOTAL,N_GE1,NR,NL,2016,1024806,
ESTAT:TIN00190(1.0),01/02/24 23:00:00,A,AT,TOTAL,N_GE1,NR,NL,2017,1051394,
ESTAT:TIN00190(1.0),01/02/24 23:00:00,A,AT,TOTAL,N_GE1,NR,NL,2018,1074031,
ESTAT:TIN00190(1.0),01/02/24 23:00:00,A,AT,TOTAL,N_GE1,NR,NL,2019,1153176,
ESTAT:TIN00190(1.0),01/02/24 23:00:00,A,AT,TOTAL,N_GE1,NR,NL,2020,767807,
ESTAT:TIN00190(1.0),01/02/24 23:00:00,A,AT,TOTAL,N_GE1,NR,NL,2021,584015,
ESTAT:TIN00190(1.0),01/02/24 23:00:00,A,AT,TOTAL,N_GE1,NR,NL,2022,1357259,
ESTAT:TIN00190(1.0),01/02/24 23:00:00,A,BE,TOTAL,N_GE1,NR,NL,2012,1604664,b
ESTAT:TIN00190(1.0),01/02/24 23:00:00,A,BE,TOTAL,N_GE1,NR,NL,2013,1554698,
ESTAT:TIN00190(1.0),01/02/24 23:00:00,A,BE,TOTAL,N_GE1,NR,NL,2014,1358391,
ESTAT:TIN00190(1.0),01/02/24 23:00:00,A,BE,TOTAL,N_GE1,NR,NL,2015,1450791,
ESTAT:TIN00190(1.0),01/02/24 23:00:00,A,BE,TOTAL,N_GE1,NR,NL,2016,1293229,
ESTAT:TIN00190(1.0),01/02/24 23:00:00,A,BE,TOTAL,N_GE1,NR,NL,2017,1652892,
ESTAT:TIN00190(1.0),01/02/24 23:00:00,A,BE,TOTAL,N_GE1,NR,NL,2018,1751644,
ESTAT:TIN00190(1.0),01/02/24 23:00:00,A,BE,TOTAL,N_GE1,NR,NL,2019,2091200,
ESTAT:TIN00190(1.0),01/02/24 23:00:00,A,BE,TOTAL,N_GE1,NR,NL,2020,748635,
ESTAT:TIN00190(1.0),01/02/24 23:00:00,A,BE,TOTAL,N_GE1,NR,NL,2021,1315334,
ESTAT:TIN00190(1.0),01/02/24 23:00:00,A,BE,TOTAL,N_GE1,NR,NL,2022,2340634,
ESTAT:TIN00190(1.0),01/02/24 23:00:00,A,BG,TOTAL,N_GE1,NR,NL,2012,,u
ESTAT:TIN00190(1.0),01/02/24 23:00:00,A,BG,TOTAL,N_GE1,NR,NL,2013,,u
ESTAT:TIN00190(1.0),01/02/24 23:00:00,A,BG,TOTAL,N_GE1,NR,NL,2014,,u
ESTAT:TIN00190(1.0),01/02/24 23:00:00,A,BG,TOTAL,N_GE1,NR,NL,2015,,u
ESTAT:TIN00190(1.0),01/02/24 23:00:00,A,BG,TOTAL,N_GE1,NR,NL,2016,,u
ESTAT:TIN00190(1.0),01/02/24 23:00:00,A,BG,TOTAL,N_GE1,NR,NL,2017,69018,u
ESTAT:TIN00190(1.0),01/02/24 23:00:00,A,BG,TOTAL,N_GE1,NR,NL,2018,78490,u
ESTAT:TIN00190(1.0),01/02/24 23:00:00,A,BG,TOTAL,N_GE1,NR,NL,2019,79269,u
ESTAT:TIN00190(1.0),01/02/24 23:00:00,A,BG,TOTAL,N_GE1,NR,NL,2020,,u
ESTAT:TIN00190(1.0),01/02/24 23:00:00,A,BG,TOTAL,N_GE1,NR,NL,2021,,u
ESTAT:TIN00190(1.0),01/02/24 23:00:00,A,BG,TOTAL,N_GE1,NR,NL,2022,68380,
ESTAT:TIN00190(1.0),01/02/24 23:00:00,A,CH,TOTAL,N_GE1,NR,NL,2012,253622,b
ESTAT:TIN00190(1.0),01/02/24 23:00:00,A,CH,TOTAL,N_GE1,NR,NL,2013,260115,
ESTAT:TIN00190(1.0),01/02/24 23:00:00,A,CH,TOTAL,N_GE1,NR,NL,2014,294839,
ESTAT:TIN00190(1.0),01/02/24 23:00:00,A,CH,TOTAL,N_GE1,NR,NL,2015,222230,
ESTAT:TIN00190(1.0),01/02/24 23:00:00,A,CH,TOTAL,N_GE1,NR,NL,2016,280471,
ESTAT:TIN00190(1.0),01/02/24 23:00:00,A,CH,TOTAL,N_GE1,NR,NL,2017,275299,
ESTAT:TIN00190(1.0),01/02/24 23:00:00,A,CH,TOTAL,N_GE1,NR,NL,2018,252518,
ESTAT:TIN00190(1.0),01/02/24 23:00:00,A,CH,TOTAL,N_GE1,NR,NL,2019,234351,
ESTAT:TIN00190(1.0),01/02/24 23:00:00,A,CH,TOTAL,N_GE1,NR,NL,2020,147071,
ESTAT:TIN00190(1.0),01/02/24 23:00:00,A,CH,TOTAL,N_GE1,NR,NL,2021,251802,
ESTAT:TIN00190(1.0),01/02/24 23:00:00,A,CH,TOTAL,N_GE1,NR,NL,2022,478398,
ESTAT:TIN00190(1.0),01/02/24 23:00:00,A,CY,TOTAL,N_GE1,NR,NL,2012,,u
ESTAT:TIN00190(1.0),01/02/24 23:00:00,A,CY,TOTAL,N_GE1,NR,NL,2013,46904,u
ESTAT:TIN00190(1.0),01/02/24 23:00:00,A,CY,TOTAL,N_GE1,NR,NL,2014,,u
ESTAT:TIN00190(1.0),01/02/24 23:00:00,A,CY,TOTAL,N_GE1,NR,NL,2015,,u
ESTAT:TIN00190(1.0),01/02/24 23:00:00,A,CY,TOTAL,N_GE1,NR,NL,2016,,u
ESTAT:TIN00190(1.0),01/02/24 23:00:00,A,CY,TOTAL,N_GE1,NR,NL,2017,45645,u
ESTAT:TIN00190(1.0),01/02/24 23:00:00,A,CY,TOTAL,N_GE1,NR,NL,2018,63908,u
ESTAT:TIN00190(1.0),01/02/24 23:00:00,A,CY,TOTAL,N_GE1,NR,NL,2019,47499,u
ESTAT:TIN00190(1.0),01/02/24 23:00:00,A,CY,TOTAL,N_GE1,NR,NL,2020,,u
ESTAT:TIN00190(1.0),01/02/24 23:00:00,A,CY,TOTAL,N_GE1,NR,NL,2021,30021,u
ESTAT:TIN00190(1.0),01/02/24 23:00:00,A,CY,TOTAL,N_GE1,NR,NL,2022,43152,
ESTAT:TIN00190(1.0),01/02/24 23:00:00,A,CZ,TOTAL,N_GE1,NR,NL,2012,152549,b
ESTAT:TIN00190(1.0),01/02/24 23:00:00,A,CZ,TOTAL,N_GE1,NR,NL,2013,227532,
ESTAT:TIN00190(1.0),01/02/24 23:00:00,A,CZ,TOTAL,N_GE1,NR,NL,2014,153492,
ESTAT:TIN00190(1.0),01/02/24 23:00:00,A,CZ,TOTAL,N_GE1,NR,NL,2015,182405,
ESTAT:TIN00190(1.0),01/02/24 23:00:00,A,CZ,TOTAL,N_GE1,NR,NL,2016,218180,
ESTAT:TIN00190(1.0),01/02/24 23:00:00,A,CZ,TOTAL,N_GE1,NR,NL,2017,209525,
ESTAT:TIN00190(1.0),01/02/24 23:00:00,A,CZ,TOTAL,N_GE1,NR,NL,2018,235513,
ESTAT:TIN00190(1.0),01/02/24 23:00:00,A,CZ,TOTAL,N_GE1,NR,NL,2019,291255,
ESTAT:TIN00190(1.0),01/02/24 23:00:00,A,CZ,TOTAL,N_GE1,NR,NL,2020,66968,
ESTAT:TIN00190(1.0),01/02/24 23:00:00,A,CZ,TOTAL,N_GE1,NR,NL,2021,69661,u
ESTAT:TIN00190(1.0),01/02/24 23:00:00,A,CZ,TOTAL,N_GE1,NR,NL,2022,282784,
ESTAT:TIN00190(1.0),01/02/24 23:00:00,A,DE,TOTAL,N_GE1,NR,NL,2012,3369044,b
ESTAT:TIN00190(1.0),01/02/24 23:00:00,A,DE,TOTAL,N_GE1,NR,NL,2013,3094892,
ESTAT:TIN00190(1.0),01/02/24 23:00:00,A,DE,TOTAL,N_GE1,NR,NL,2014,3368552,
ESTAT:TIN00190(1.0),01/02/24 23:00:00,A,DE,TOTAL,N_GE1,NR,NL,2015,3291408,
ESTAT:TIN00190(1.0),01/02/24 23:00:00,A,DE,TOTAL,N_GE1,NR,NL,2016,3501207,
ESTAT:TIN00190(1.0),01/02/24 23:00:00,A,DE,TOTAL,N_GE1,NR,NL,2017,3831289,
ESTAT:TIN00190(1.0),01/02/24 23:00:00,A,DE,TOTAL,N_GE1,NR,NL,2018,3633607,
ESTAT:TIN00190(1.0),01/02/24 23:00:00,A,DE,TOTAL,N_GE1,NR,NL,2019,3826634,
ESTAT:TIN00190(1.0),01/02/24 23:00:00,A,DE,TOTAL,N_GE1,NR,NL,2020,1803528,
ESTAT:TIN00190(1.0),01/02/24 23:00:00,A,DE,TOTAL,N_GE1,NR,NL,2021,1977364,
ESTAT:TIN00190(1.0),01/02/24 23:00:00,A,DE,TOTAL,N_GE1,NR,NL,2022,3566449,
ESTAT:TIN00190(1.0),01/02/24 23:00:00,A,DK,TOTAL,N_GE1,NR,NL,2012,172906,b
ESTAT:TIN00190(1.0),01/02/24 23:00:00,A,DK,TOTAL,N_GE1,NR,NL,2013,195241,
ESTAT:TIN00190(1.0),01/02/24 23:00:00,A,DK,TOTAL,N_GE1,NR,NL,2014,138575,
ESTAT:TIN00190(1.0),01/02/24 23:00:00,A,DK,TOTAL,N_GE1,NR,NL,2015,150540,
ESTAT:TIN00190(1.0),01/02/24 23:00:00,A,DK,TOTAL,N_GE1,NR,NL,2016,214245,
ESTAT:TIN00190(1.0),01/02/24 23:00:00,A,DK,TOTAL,N_GE1,NR,NL,2017,207515,
ESTAT:TIN00190(1.0),01/02/24 23:00:00,A,DK,TOTAL,N_GE1,NR,NL,2018,245027,
ESTAT:TIN00190(1.0),01/02/24 23:00:00,A,DK,TOTAL,N_GE1,NR,NL,2019,243779,
ESTAT:TIN00190(1.0),01/02/24 23:00:00,A,DK,TOTAL,N_GE1,NR,NL,2020,74339,
ESTAT:TIN00190(1.0),01/02/24 23:00:00,A,DK,TOTAL,N_GE1,NR,NL,2021,167590,
ESTAT:TIN00190(1.0),01/02/24 23:00:00,A,DK,TOTAL,N_GE1,NR,NL,2022,327702,
ESTAT:TIN00190(1.0),01/02/24 23:00:00,A,EE,TOTAL,N_GE1,NR,NL,2012,,u
ESTAT:TIN00190(1.0),01/02/24 23:00:00,A,EE,TOTAL,N_GE1,NR,NL,2013,,u
ESTAT:TIN00190(1.0),01/02/24 23:00:00,A,EE,TOTAL,N_GE1,NR,NL,2014,,u
ESTAT:TIN00190(1.0),01/02/24 23:00:00,A,EE,TOTAL,N_GE1,NR,NL,2015,,u
ESTAT:TIN00190(1.0),01/02/24 23:00:00,A,EE,TOTAL,N_GE1,NR,NL,2016,,u
ESTAT:TIN00190(1.0),01/02/24 23:00:00,A,EE,TOTAL,N_GE1,NR,NL,2017,,u
ESTAT:TIN00190(1.0),01/02/24 23:00:00,A,EE,TOTAL,N_GE1,NR,NL,2018,,u
ESTAT:TIN00190(1.0),01/02/24 23:00:00,A,EE,TOTAL,N_GE1,NR,NL,2019,,u
ESTAT:TIN00190(1.0),01/02/24 23:00:00,A,EE,TOTAL,N_GE1,NR,NL,2020,,u
ESTAT:TIN00190(1.0),01/02/24 23:00:00,A,EE,TOTAL,N_GE1,NR,NL,2021,,u
ESTAT:TIN00190(1.0),01/02/24 23:00:00,A,EE,TOTAL,N_GE1,NR,NL,2022,,u
ESTAT:TIN00190(1.0),01/02/24 23:00:00,A,EL,TOTAL,N_GE1,NR,NL,2012,625788,b
ESTAT:TIN00190(1.0),01/02/24 23:00:00,A,EL,TOTAL,N_GE1,NR,NL,2013,542730,
ESTAT:TIN00190(1.0),01/02/24 23:00:00,A,EL,TOTAL,N_GE1,NR,NL,2014,677161,
ESTAT:TIN00190(1.0),01/02/24 23:00:00,A,EL,TOTAL,N_GE1,NR,NL,2015,625227,
ESTAT:TIN00190(1.0),01/02/24 23:00:00,A,EL,TOTAL,N_GE1,NR,NL,2016,525722,
ESTAT:TIN00190(1.0),01/02/24 23:00:00,A,EL,TOTAL,N_GE1,NR,NL,2017,729056,
ESTAT:TIN00190(1.0),01/02/24 23:00:00,A,EL,TOTAL,N_GE1,NR,NL,2018,737930,
ESTAT:TIN00190(1.0),01/02/24 23:00:00,A,EL,TOTAL,N_GE1,NR,NL,2019,856995,
ESTAT:TIN00190(1.0),01/02/24 23:00:00,A,EL,TOTAL,N_GE1,NR,NL,2020,171668,
ESTAT:TIN00190(1.0),01/02/24 23:00:00,A,EL,TOTAL,N_GE1,NR,NL,2021,649297,
ESTAT:TIN00190(1.0),01/02/24 23:00:00,A,EL,TOTAL,N_GE1,NR,NL,2022,834280,
ESTAT:TIN00190(1.0),01/02/24 23:00:00,A,ES,TOTAL,N_GE1,NR,NL,2012,1713508,b
ESTAT:TIN00190(1.0),01/02/24 23:00:00,A,ES,TOTAL,N_GE1,NR,NL,2013,1768104,
ESTAT:TIN00190(1.0),01/02/24 23:00:00,A,ES,TOTAL,N_GE1,NR,NL,2014,1827391,
ESTAT:TIN00190(1.0),01/02/24 23:00:00,A,ES,TOTAL,N_GE1,NR,NL,2015,1841291,
ESTAT:TIN00190(1.0),01/02/24 23:00:00,A,ES,TOTAL,N_GE1,NR,NL,2016,2163807,
ESTAT:TIN00190(1.0),01/02/24 23:00:00,A,ES,TOTAL,N_GE1,NR,NL,2017,2468237,
ESTAT:TIN00190(1.0),01/02/24 23:00:00,A,ES,TOTAL,N_GE1,NR,NL,2018,2393438,
ESTAT:TIN00190(1.0),01/02/24 23:00:00,A,ES,TOTAL,N_GE1,NR,NL,2019,2260389,
ESTAT:TIN00190(1.0),01/02/24 23:00:00,A,ES,TOTAL,N_GE1,NR,NL,2020,563720,
ESTAT:TIN00190(1.0),01/02/24 23:00:00,A,ES,TOTAL,N_GE1,NR,NL,2021,1173075,
ESTAT:TIN00190(1.0),01/02/24 23:00:00,A,ES,TOTAL,N_GE1,NR,NL,2022,2460252,
ESTAT:TIN00190(1.0),01/02/24 23:00:00,A,FI,TOTAL,N_GE1,NR,NL,2012,,u
ESTAT:TIN00190(1.0),01/02/24 23:00:00,A,FI,TOTAL,N_GE1,NR,NL,2013,,u
ESTAT:TIN00190(1.0),01/02/24 23:00:00,A,FI,TOTAL,N_GE1,NR,NL,2014,,u
ESTAT:TIN00190(1.0),01/02/24 23:00:00,A,FI,TOTAL,N_GE1,NR,NL,2015,,u
ESTAT:TIN00190(1.0),01/02/24 23:00:00,A,FI,TOTAL,N_GE1,NR,NL,2016,,u
ESTAT:TIN00190(1.0),01/02/24 23:00:00,A,FI,TOTAL,N_GE1,NR,NL,2017,36175,u
ESTAT:TIN00190(1.0),01/02/24 23:00:00,A,FI,TOTAL,N_GE1,NR,NL,2018,43293,u
ESTAT:TIN00190(1.0),01/02/24 23:00:00,A,FI,TOTAL,N_GE1,NR,NL,2019,77764,u
ESTAT:TIN00190(1.0),01/02/24 23:00:00,A,FI,TOTAL,N_GE1,NR,NL,2020,31041,
ESTAT:TIN00190(1.0),01/02/24 23:00:00,A,FI,TOTAL,N_GE1,NR,NL,2021,,u
ESTAT:TIN00190(1.0),01/02/24 23:00:00,A,FI,TOTAL,N_GE1,NR,NL,2022,74949,
ESTAT:TIN00190(1.0),01/02/24 23:00:00,A,FR,TOTAL,N_GE1,NR,NL,2012,2182762,b
ESTAT:TIN00190(1.0),01/02/24 23:00:00,A,FR,TOTAL,N_GE1,NR,NL,2013,2265138,
ESTAT:TIN00190(1.0),01/02/24 23:00:00,A,FR,TOTAL,N_GE1,NR,NL,2014,2137023,
ESTAT:TIN00190(1.0),01/02/24 23:00:00,A,FR,TOTAL,N_GE1,NR,NL,2015,2159056,
ESTAT:TIN00190(1.0),01/02/24 23:00:00,A,FR,TOTAL,N_GE1,NR,NL,2016,2232914,
ESTAT:TIN00190(1.0),01/02/24 23:00:00,A,FR,TOTAL,N_GE1,NR,NL,2017,2321671,
ESTAT:TIN00190(1.0),01/02/24 23:00:00,A,FR,TOTAL,N_GE1,NR,NL,2018,2266079,
ESTAT:TIN00190(1.0),01/02/24 23:00:00,A,FR,TOTAL,N_GE1,NR,NL,2019,2309906,
ESTAT:TIN00190(1.0),01/02/24 23:00:00,A,FR,TOTAL,N_GE1,NR,NL,2020,933825,
ESTAT:TIN00190(1.0),01/02/24 23:00:00,A,FR,TOTAL,N_GE1,NR,NL,2021,2090135,
ESTAT:TIN00190(1.0),01/02/24 23:00:00,A,FR,TOTAL,N_GE1,NR,NL,2022,3250280,
ESTAT:TIN00190(1.0),01/02/24 23:00:00,A,HR,TOTAL,N_GE1,NR,NL,2012,158417,b
ESTAT:TIN00190(1.0),01/02/24 23:00:00,A,HR,TOTAL,N_GE1,NR,NL,2013,141018,
ESTAT:TIN00190(1.0),01/02/24 23:00:00,A,HR,TOTAL,N_GE1,NR,NL,2014,192193,
ESTAT:TIN00190(1.0),01/02/24 23:00:00,A,HR,TOTAL,N_GE1,NR,NL,2015,175650,
ESTAT:TIN00190(1.0),01/02/24 23:00:00,A,HR,TOTAL,N_GE1,NR,NL,2016,139726,
ESTAT:TIN00190(1.0),01/02/24 23:00:00,A,HR,TOTAL,N_GE1,NR,NL,2017,190723,
ESTAT:TIN00190(1.0),01/02/24 23:00:00,A,HR,TOTAL,N_GE1,NR,NL,2018,229744,
ESTAT:TIN00190(1.0),01/02/24 23:00:00,A,HR,TOTAL,N_GE1,NR,NL,2019,267659,
ESTAT:TIN00190(1.0),01/02/24 23:00:00,A,HR,TOTAL,N_GE1,NR,NL,2020,,u
ESTAT:TIN00190(1.0),01/02/24 23:00:00,A,HR,TOTAL,N_GE1,NR,NL,2021,112965,
ESTAT:TIN00190(1.0),01/02/24 23:00:00,A,HR,TOTAL,N_GE1,NR,NL,2022,288739,
ESTAT:TIN00190(1.0),01/02/24 23:00:00,A,HU,TOTAL,N_GE1,NR,NL,2012,155897,b
ESTAT:TIN00190(1.0),01/02/24 23:00:00,A,HU,TOTAL,N_GE1,NR,NL,2013,117194,u
ESTAT:TIN00190(1.0),01/02/24 23:00:00,A,HU,TOTAL,N_GE1,NR,NL,2014,135661,u
ESTAT:TIN00190(1.0),01/02/24 23:00:00,A,HU,TOTAL,N_GE1,NR,NL,2015,105923,u
ESTAT:TIN00190(1.0),01/02/24 23:00:00,A,HU,TOTAL,N_GE1,NR,NL,2016,180226,
ESTAT:TIN00190(1.0),01/02/24 23:00:00,A,HU,TOTAL,N_GE1,NR,NL,2017,190371,
ESTAT:TIN00190(1.0),01/02/24 23:00:00,A,HU,TOTAL,N_GE1,NR,NL,2018,212242,
ESTAT:TIN00190(1.0),01/02/24 23:00:00,A,HU,TOTAL,N_GE1,NR,NL,2019,120632,
ESTAT:TIN00190(1.0),01/02/24 23:00:00,A,HU,TOTAL,N_GE1,NR,NL,2020,,u
ESTAT:TIN00190(1.0),01/02/24 23:00:00,A,HU,TOTAL,N_GE1,NR,NL,2021,91094,
ESTAT:TIN00190(1.0),01/02/24 23:00:00,A,HU,TOTAL,N_GE1,NR,NL,2022,132997,
ESTAT:TIN00190(1.0),01/02/24 23:00:00,A,IE,TOTAL,N_GE1,NR,NL,2012,69541,bu
ESTAT:TIN00190(1.0),01/02/24 23:00:00,A,IE,TOTAL,N_GE1,NR,NL,2013,83721,u
ESTAT:TIN00190(1.0),01/02/24 23:00:00,A,IE,TOTAL,N_GE1,NR,NL,2014,75692,u
ESTAT:TIN00190(1.0),01/02/24 23:00:00,A,IE,TOTAL,N_GE1,NR,NL,2015,115949,
ESTAT:TIN00190(1.0),01/02/24 23:00:00,A,IE,TOTAL,N_GE1,NR,NL,2016,125223,u
ESTAT:TIN00190(1.0),01/02/24 23:00:00,A,IE,TOTAL,N_GE1,NR,NL,2017,146208,
ESTAT:TIN00190(1.0),01/02/24 23:00:00,A,IE,TOTAL,N_GE1,NR,NL,2018,119192,
ESTAT:TIN00190(1.0),01/02/24 23:00:00,A,IE,TOTAL,N_GE1,NR,NL,2019,107069,
ESTAT:TIN00190(1.0),01/02/24 23:00:00,A,IE,TOTAL,N_GE1,NR,NL,2020,,u
ESTAT:TIN00190(1.0),01/02/24 23:00:00,A,IE,TOTAL,N_GE1,NR,NL,2021,62255,u
ESTAT:TIN00190(1.0),01/02/24 23:00:00,A,IE,TOTAL,N_GE1,NR,NL,2022,149974,
ESTAT:TIN00190(1.0),01/02/24 23:00:00,A,IS,TOTAL,N_GE1,NR,NL,2012,,u
ESTAT:TIN00190(1.0),01/02/24 23:00:00,A,IS,TOTAL,N_GE1,NR,NL,2013,,u
ESTAT:TIN00190(1.0),01/02/24 23:00:00,A,IS,TOTAL,N_GE1,NR,NL,2014,,u
ESTAT:TIN00190(1.0),01/02/24 23:00:00,A,IS,TOTAL,N_GE1,NR,NL,2015,56577,u
ESTAT:TIN00190(1.0),01/02/24 23:00:00,A,IS,TOTAL,N_GE1,NR,NL,2016,,u
ESTAT:TIN00190(1.0),01/02/24 23:00:00,A,IS,TOTAL,N_GE1,NR,NL,2017,74494,u
ESTAT:TIN00190(1.0),01/02/24 23:00:00,A,IS,TOTAL,N_GE1,NR,NL,2018,56616,u
ESTAT:TIN00190(1.0),01/02/24 23:00:00,A,IS,TOTAL,N_GE1,NR,NL,2019,44328,u
ESTAT:TIN00190(1.0),01/02/24 23:00:00,A,IS,TOTAL,N_GE1,NR,NL,2020,,u
ESTAT:TIN00190(1.0),01/02/24 23:00:00,A,IS,TOTAL,N_GE1,NR,NL,2021,36568,u
ESTAT:TIN00190(1.0),01/02/24 23:00:00,A,IS,TOTAL,N_GE1,NR,NL,2022,115757,
ESTAT:TIN00190(1.0),01/02/24 23:00:00,A,IT,TOTAL,N_GE1,NR,NL,2012,925596,b
ESTAT:TIN00190(1.0),01/02/24 23:00:00,A,IT,TOTAL,N_GE1,NR,NL,2013,919520,
ESTAT:TIN00190(1.0),01/02/24 23:00:00,A,IT,TOTAL,N_GE1,NR,NL,2014,941121,
ESTAT:TIN00190(1.0),01/02/24 23:00:00,A,IT,TOTAL,N_GE1,NR,NL,2015,1000673,
ESTAT:TIN00190(1.0),01/02/24 23:00:00,A,IT,TOTAL,N_GE1,NR,NL,2016,1178151,
ESTAT:TIN00190(1.0),01/02/24 23:00:00,A,IT,TOTAL,N_GE1,NR,NL,2017,1298040,
ESTAT:TIN00190(1.0),01/02/24 23:00:00,A,IT,TOTAL,N_GE1,NR,NL,2018,1320244,
ESTAT:TIN00190(1.0),01/02/24 23:00:00,A,IT,TOTAL,N_GE1,NR,NL,2019,1208350,
ESTAT:TIN00190(1.0),01/02/24 23:00:00,A,IT,TOTAL,N_GE1,NR,NL,2020,333929,
ESTAT:TIN00190(1.0),01/02/24 23:00:00,A,IT,TOTAL,N_GE1,NR,NL,2021,993555,
ESTAT:TIN00190(1.0),01/02/24 23:00:00,A,IT,TOTAL,N_GE1,NR,NL,2022,1639017,
ESTAT:TIN00190(1.0),01/02/24 23:00:00,A,LT,TOTAL,N_GE1,NR,NL,2012,,u
ESTAT:TIN00190(1.0),01/02/24 23:00:00,A,LT,TOTAL,N_GE1,NR,NL,2013,,u
ESTAT:TIN00190(1.0),01/02/24 23:00:00,A,LT,TOTAL,N_GE1,NR,NL,2014,,u
ESTAT:TIN00190(1.0),01/02/24 23:00:00,A,LT,TOTAL,N_GE1,NR,NL,2015,,u
ESTAT:TIN00190(1.0),01/02/24 23:00:00,A,LT,TOTAL,N_GE1,NR,NL,2016,,u
ESTAT:TIN00190(1.0),01/02/24 23:00:00,A,LT,TOTAL,N_GE1,NR,NL,2017,,u
ESTAT:TIN00190(1.0),01/02/24 23:00:00,A,LT,TOTAL,N_GE1,NR,NL,2018,,u
ESTAT:TIN00190(1.0),01/02/24 23:00:00,A,LT,TOTAL,N_GE1,NR,NL,2019,,u
ESTAT:TIN00190(1.0),01/02/24 23:00:00,A,LT,TOTAL,N_GE1,NR,NL,2021,,u
ESTAT:TIN00190(1.0),01/02/24 23:00:00,A,LT,TOTAL,N_GE1,NR,NL,2022,,u
ESTAT:TIN00190(1.0),01/02/24 23:00:00,A,LU,TOTAL,N_GE1,NR,NL,2012,126146,bu
ESTAT:TIN00190(1.0),01/02/24 23:00:00,A,LU,TOTAL,N_GE1,NR,NL,2013,160467,
ESTAT:TIN00190(1.0),01/02/24 23:00:00,A,LU,TOTAL,N_GE1,NR,NL,2014,143467,
ESTAT:TIN00190(1.0),01/02/24 23:00:00,A,LU,TOTAL,N_GE1,NR,NL,2015,149657,
ESTAT:TIN00190(1.0),01/02/24 23:00:00,A,LU,TOTAL,N_GE1,NR,NL,2016,169200,
ESTAT:TIN00190(1.0),01/02/24 23:00:00,A,LU,TOTAL,N_GE1,NR,NL,2017,134217,
ESTAT:TIN00190(1.0),01/02/24 23:00:00,A,LU,TOTAL,N_GE1,NR,NL,2018,205266,
ESTAT:TIN00190(1.0),01/02/24 23:00:00,A,LU,TOTAL,N_GE1,NR,NL,2019,165114,
ESTAT:TIN00190(1.0),01/02/24 23:00:00,A,LU,TOTAL,N_GE1,NR,NL,2020,103024,
ESTAT:TIN00190(1.0),01/02/24 23:00:00,A,LU,TOTAL,N_GE1,NR,NL,2021,133648,
ESTAT:TIN00190(1.0),01/02/24 23:00:00,A,LU,TOTAL,N_GE1,NR,NL,2022,215173,
ESTAT:TIN00190(1.0),01/02/24 23:00:00,A,LV,TOTAL,N_GE1,NR,NL,2012,,u
ESTAT:TIN00190(1.0),01/02/24 23:00:00,A,LV,TOTAL,N_GE1,NR,NL,2013,,u
ESTAT:TIN00190(1.0),01/02/24 23:00:00,A,LV,TOTAL,N_GE1,NR,NL,2014,,u
ESTAT:TIN00190(1.0),01/02/24 23:00:00,A,LV,TOTAL,N_GE1,NR,NL,2015,,u
ESTAT:TIN00190(1.0),01/02/24 23:00:00,A,LV,TOTAL,N_GE1,NR,NL,2016,,u
ESTAT:TIN00190(1.0),01/02/24 23:00:00,A,LV,TOTAL,N_GE1,NR,NL,2017,,u
ESTAT:TIN00190(1.0),01/02/24 23:00:00,A,LV,TOTAL,N_GE1,NR,NL,2018,,u
ESTAT:TIN00190(1.0),01/02/24 23:00:00,A,LV,TOTAL,N_GE1,NR,NL,2019,,u
ESTAT:TIN00190(1.0),01/02/24 23:00:00,A,LV,TOTAL,N_GE1,NR,NL,2020,,u
ESTAT:TIN00190(1.0),01/02/24 23:00:00,A,LV,TOTAL,N_GE1,NR,NL,2021,,u
ESTAT:TIN00190(1.0),01/02/24 23:00:00,A,LV,TOTAL,N_GE1,NR,NL,2022,,u
ESTAT:TIN00190(1.0),01/02/24 23:00:00,A,MT,TOTAL,N_GE1,NR,NL,2012,,u
ESTAT:TIN00190(1.0),01/02/24 23:00:00,A,MT,TOTAL,N_GE1,NR,NL,2013,59544,u
ESTAT:TIN00190(1.0),01/02/24 23:00:00,A,MT,TOTAL,N_GE1,NR,NL,2014,,u
ESTAT:TIN00190(1.0),01/02/24 23:00:00,A,MT,TOTAL,N_GE1,NR,NL,2015,49934,u
ESTAT:TIN00190(1.0),01/02/24 23:00:00,A,MT,TOTAL,N_GE1,NR,NL,2016,65842,u
ESTAT:TIN00190(1.0),01/02/24 23:00:00,A,MT,TOTAL,N_GE1,NR,NL,2017,44397,u
ESTAT:TIN00190(1.0),01/02/24 23:00:00,A,MT,TOTAL,N_GE1,NR,NL,2018,70679,u
ESTAT:TIN00190(1.0),01/02/24 23:00:00,A,MT,TOTAL,N_GE1,NR,NL,2019,,u
ESTAT:TIN00190(1.0),01/02/24 23:00:00,A,MT,TOTAL,N_GE1,NR,NL,2020,,u
ESTAT:TIN00190(1.0),01/02/24 23:00:00,A,MT,TOTAL,N_GE1,NR,NL,2021,,u
ESTAT:TIN00190(1.0),01/02/24 23:00:00,A,MT,TOTAL,N_GE1,NR,NL,2022,36549,
ESTAT:TIN00190(1.0),01/02/24 23:00:00,A,NL,TOTAL,N_GE1,NR,NL,2012,28639911,b
ESTAT:TIN00190(1.0),01/02/24 23:00:00,A,NL,TOTAL,N_GE1,NR,NL,2013,25839912,
ESTAT:TIN00190(1.0),01/02/24 23:00:00,A,NL,TOTAL,N_GE1,NR,NL,2014,24777935,
ESTAT:TIN00190(1.0),01/02/24 23:00:00,A,NL,TOTAL,N_GE1,NR,NL,2015,24156207,
ESTAT:TIN00190(1.0),01/02/24 23:00:00,A,NL,TOTAL,N_GE1,NR,NL,2016,24505045,
ESTAT:TIN00190(1.0),01/02/24 23:00:00,A,NL,TOTAL,N_GE1,NR,NL,2017,24289009,
ESTAT:TIN00190(1.0),01/02/24 23:00:00,A,NL,TOTAL,N_GE1,NR,NL,2018,23455768,
ESTAT:TIN00190(1.0),01/02/24 23:00:00,A,NL,TOTAL,N_GE1,NR,NL,2019,24476490,
ESTAT:TIN00190(1.0),01/02/24 23:00:00,A,NL,TOTAL,N_GE1,NR,NL,2020,20773689,
ESTAT:TIN00190(1.0),01/02/24 23:00:00,A,NL,TOTAL,N_GE1,NR,NL,2021,31080303,
ESTAT:TIN00190(1.0),01/02/24 23:00:00,A,NL,TOTAL,N_GE1,NR,NL,2022,21489855,
ESTAT:TIN00190(1.0),01/02/24 23:00:00,A,NO,TOTAL,N_GE1,NR,NL,2012,202197,b
ESTAT:TIN00190(1.0),01/02/24 23:00:00,A,NO,TOTAL,N_GE1,NR,NL,2013,168090,
ESTAT:TIN00190(1.0),01/02/24 23:00:00,A,NO,TOTAL,N_GE1,NR,NL,2014,123449,
ESTAT:TIN00190(1.0),01/02/24 23:00:00,A,NO,TOTAL,N_GE1,NR,NL,2015,136000,
ESTAT:TIN00190(1.0),01/02/24 23:00:00,A,NO,TOTAL,N_GE1,NR,NL,2016,158766,
ESTAT:TIN00190(1.0),01/02/24 23:00:00,A,NO,TOTAL,N_GE1,NR,NL,2017,172033,
ESTAT:TIN00190(1.0),01/02/24 23:00:00,A,NO,TOTAL,N_GE1,NR,NL,2018,182719,
ESTAT:TIN00190(1.0),01/02/24 23:00:00,A,NO,TOTAL,N_GE1,NR,NL,2019,209748,
ESTAT:TIN00190(1.0),01/02/24 23:00:00,A,NO,TOTAL,N_GE1,NR,NL,2020,47667,
ESTAT:TIN00190(1.0),01/02/24 23:00:00,A,NO,TOTAL,N_GE1,NR,NL,2021,60469,u
ESTAT:TIN00190(1.0),01/02/24 23:00:00,A,NO,TOTAL,N_GE1,NR,NL,2022,321745,
ESTAT:TIN00190(1.0),01/02/24 23:00:00,A,PL,TOTAL,N_GE1,NR,NL,2012,122611,bu
ESTAT:TIN00190(1.0),01/02/24 23:00:00,A,PL,TOTAL,N_GE1,NR,NL,2013,110308,u
ESTAT:TIN00190(1.0),01/02/24 23:00:00,A,PL,TOTAL,N_GE1,NR,NL,2014,115995,u
ESTAT:TIN00190(1.0),01/02/24 23:00:00,A,PL,TOTAL,N_GE1,NR,NL,2015,176643,
ESTAT:TIN00190(1.0),01/02/24 23:00:00,A,PL,TOTAL,N_GE1,NR,NL,2016,146191,
ESTAT:TIN00190(1.0),01/02/24 23:00:00,A,PL,TOTAL,N_GE1,NR,NL,2017,178935,
ESTAT:TIN00190(1.0),01/02/24 23:00:00,A,PL,TOTAL,N_GE1,NR,NL,2018,169989,
ESTAT:TIN00190(1.0),01/02/24 23:00:00,A,PL,TOTAL,N_GE1,NR,NL,2019,304479,
ESTAT:TIN00190(1.0),01/02/24 23:00:00,A,PL,TOTAL,N_GE1,NR,NL,2020,61080,
ESTAT:TIN00190(1.0),01/02/24 23:00:00,A,PL,TOTAL,N_GE1,NR,NL,2021,91130,
ESTAT:TIN00190(1.0),01/02/24 23:00:00,A,PL,TOTAL,N_GE1,NR,NL,2022,181039,
ESTAT:TIN00190(1.0),01/02/24 23:00:00,A,PT,TOTAL,N_GE1,NR,NL,2012,416318,b
ESTAT:TIN00190(1.0),01/02/24 23:00:00,A,PT,TOTAL,N_GE1,NR,NL,2013,423374,
ESTAT:TIN00190(1.0),01/02/24 23:00:00,A,PT,TOTAL,N_GE1,NR,NL,2014,438600,
ESTAT:TIN00190(1.0),01/02/24 23:00:00,A,PT,TOTAL,N_GE1,NR,NL,2015,468916,
ESTAT:TIN00190(1.0),01/02/24 23:00:00,A,PT,TOTAL,N_GE1,NR,NL,2016,546787,
ESTAT:TIN00190(1.0),01/02/24 23:00:00,A,PT,TOTAL,N_GE1,NR,NL,2017,653371,
ESTAT:TIN00190(1.0),01/02/24 23:00:00,A,PT,TOTAL,N_GE1,NR,NL,2018,565800,
ESTAT:TIN00190(1.0),01/02/24 23:00:00,A,PT,TOTAL,N_GE1,NR,NL,2019,554734,
ESTAT:TIN00190(1.0),01/02/24 23:00:00,A,PT,TOTAL,N_GE1,NR,NL,2020,230604,
ESTAT:TIN00190(1.0),01/02/24 23:00:00,A,PT,TOTAL,N_GE1,NR,NL,2021,324816,
ESTAT:TIN00190(1.0),01/02/24 23:00:00,A,PT,TOTAL,N_GE1,NR,NL,2022,605943,
ESTAT:TIN00190(1.0),01/02/24 23:00:00,A,RO,TOTAL,N_GE1,NR,NL,2012,,u
ESTAT:TIN00190(1.0),01/02/24 23:00:00,A,RO,TOTAL,N_GE1,NR,NL,2013,,u
ESTAT:TIN00190(1.0),01/02/24 23:00:00,A,RO,TOTAL,N_GE1,NR,NL,2014,,u
ESTAT:TIN00190(1.0),01/02/24 23:00:00,A,RO,TOTAL,N_GE1,NR,NL,2015,44778,u
ESTAT:TIN00190(1.0),01/02/24 23:00:00,A,RO,TOTAL,N_GE1,NR,NL,2016,,u
ESTAT:TIN00190(1.0),01/02/24 23:00:00,A,RO,TOTAL,N_GE1,NR,NL,2017,76150,u
ESTAT:TIN00190(1.0),01/02/24 23:00:00,A,RO,TOTAL,N_GE1,NR,NL,2018,67754,u
ESTAT:TIN00190(1.0),01/02/24 23:00:00,A,RO,TOTAL,N_GE1,NR,NL,2019,79288,u
ESTAT:TIN00190(1.0),01/02/24 23:00:00,A,RO,TOTAL,N_GE1,NR,NL,2020,,u
ESTAT:TIN00190(1.0),01/02/24 23:00:00,A,RO,TOTAL,N_GE1,NR,NL,2021,60222,u
ESTAT:TIN00190(1.0),01/02/24 23:00:00,A,RO,TOTAL,N_GE1,NR,NL,2022,62330,
ESTAT:TIN00190(1.0),01/02/24 23:00:00,A,RU,TOTAL,N_GE1,NR,NL,2012,,u
ESTAT:TIN00190(1.0),01/02/24 23:00:00,A,RU,TOTAL,N_GE1,NR,NL,2013,52972,u
ESTAT:TIN00190(1.0),01/02/24 23:00:00,A,RU,TOTAL,N_GE1,NR,NL,2014,60693,u
ESTAT:TIN00190(1.0),01/02/24 23:00:00,A,RU,TOTAL,N_GE1,NR,NL,2015,,u
ESTAT:TIN00190(1.0),01/02/24 23:00:00,A,RU,TOTAL,N_GE1,NR,NL,2016,,u
ESTAT:TIN00190(1.0),01/02/24 23:00:00,A,RU,TOTAL,N_GE1,NR,NL,2017,,u
ESTAT:TIN00190(1.0),01/02/24 23:00:00,A,RU,TOTAL,N_GE1,NR,NL,2018,75941,u
ESTAT:TIN00190(1.0),01/02/24 23:00:00,A,RU,TOTAL,N_GE1,NR,NL,2019,76186,u
ESTAT:TIN00190(1.0),01/02/24 23:00:00,A,RU,TOTAL,N_GE1,NR,NL,2020,,u
ESTAT:TIN00190(1.0),01/02/24 23:00:00,A,RU,TOTAL,N_GE1,NR,NL,2021,,u
ESTAT:TIN00190(1.0),01/02/24 23:00:00,A,RU,TOTAL,N_GE1,NR,NL,2022,,u
ESTAT:TIN00190(1.0),01/02/24 23:00:00,A,SE,TOTAL,N_GE1,NR,NL,2012,166774,bu
ESTAT:TIN00190(1.0),01/02/24 23:00:00,A,SE,TOTAL,N_GE1,NR,NL,2013,141891,
ESTAT:TIN00190(1.0),01/02/24 23:00:00,A,SE,TOTAL,N_GE1,NR,NL,2014,190217,
ESTAT:TIN00190(1.0),01/02/24 23:00:00,A,SE,TOTAL,N_GE1,NR,NL,2015,200057,
ESTAT:TIN00190(1.0),01/02/24 23:00:00,A,SE,TOTAL,N_GE1,NR,NL,2016,148062,
ESTAT:TIN00190(1.0),01/02/24 23:00:00,A,SE,TOTAL,N_GE1,NR,NL,2017,197333,
ESTAT:TIN00190(1.0),01/02/24 23:00:00,A,SE,TOTAL,N_GE1,NR,NL,2018,220563,
ESTAT:TIN00190(1.0),01/02/24 23:00:00,A,SE,TOTAL,N_GE1,NR,NL,2019,186415,
ESTAT:TIN00190(1.0),01/02/24 23:00:00,A,SE,TOTAL,N_GE1,NR,NL,2020,60245,
ESTAT:TIN00190(1.0),01/02/24 23:00:00,A,SE,TOTAL,N_GE1,NR,NL,2021,156376,
ESTAT:TIN00190(1.0),01/02/24 23:00:00,A,SE,TOTAL,N_GE1,NR,NL,2022,225941,
ESTAT:TIN00190(1.0),01/02/24 23:00:00,A,SI,TOTAL,N_GE1,NR,NL,2012,,u
ESTAT:TIN00190(1.0),01/02/24 23:00:00,A,SI,TOTAL,N_GE1,NR,NL,2013,,u
ESTAT:TIN00190(1.0),01/02/24 23:00:00,A,SI,TOTAL,N_GE1,NR,NL,2014,,u
ESTAT:TIN00190(1.0),01/02/24 23:00:00,A,SI,TOTAL,N_GE1,NR,NL,2015,,u
ESTAT:TIN00190(1.0),01/02/24 23:00:00,A,SI,TOTAL,N_GE1,NR,NL,2016,,u
ESTAT:TIN00190(1.0),01/02/24 23:00:00,A,SI,TOTAL,N_GE1,NR,NL,2017,40361,u
ESTAT:TIN00190(1.0),01/02/24 23:00:00,A,SI,TOTAL,N_GE1,NR,NL,2018,,u
ESTAT:TIN00190(1.0),01/02/24 23:00:00,A,SI,TOTAL,N_GE1,NR,NL,2019,43214,u
ESTAT:TIN00190(1.0),01/02/24 23:00:00,A,SI,TOTAL,N_GE1,NR,NL,2020,,u
ESTAT:TIN00190(1.0),01/02/24 23:00:00,A,SI,TOTAL,N_GE1,NR,NL,2021,35529,u
ESTAT:TIN00190(1.0),01/02/24 23:00:00,A,SI,TOTAL,N_GE1,NR,NL,2022,74887,
ESTAT:TIN00190(1.0),01/02/24 23:00:00,A,SK,TOTAL,N_GE1,NR,NL,2012,,u
ESTAT:TIN00190(1.0),01/02/24 23:00:00,A,SK,TOTAL,N_GE1,NR,NL,2013,,u
ESTAT:TIN00190(1.0),01/02/24 23:00:00,A,SK,TOTAL,N_GE1,NR,NL,2014,,u
ESTAT:TIN00190(1.0),01/02/24 23:00:00,A,SK,TOTAL,N_GE1,NR,NL,2015,,u
ESTAT:TIN00190(1.0),01/02/24 23:00:00,A,SK,TOTAL,N_GE1,NR,NL,2016,,u
ESTAT:TIN00190(1.0),01/02/24 23:00:00,A,SK,TOTAL,N_GE1,NR,NL,2017,,u
ESTAT:TIN00190(1.0),01/02/24 23:00:00,A,SK,TOTAL,N_GE1,NR,NL,2018,,u
ESTAT:TIN00190(1.0),01/02/24 23:00:00,A,SK,TOTAL,N_GE1,NR,NL,2019,,u
ESTAT:TIN00190(1.0),01/02/24 23:00:00,A,SK,TOTAL,N_GE1,NR,NL,2020,,u
ESTAT:TIN00190(1.0),01/02/24 23:00:00,A,SK,TOTAL,N_GE1,NR,NL,2021,,u
ESTAT:TIN00190(1.0),01/02/24 23:00:00,A,SK,TOTAL,N_GE1,NR,NL,2022,,u
ESTAT:TIN00190(1.0),01/02/24 23:00:00,A,TR,TOTAL,N_GE1,NR,NL,2012,818766,b
ESTAT:TIN00190(1.0),01/02/24 23:00:00,A,TR,TOTAL,N_GE1,NR,NL,2013,838814,
ESTAT:TIN00190(1.0),01/02/24 23:00:00,A,TR,TOTAL,N_GE1,NR,NL,2014,690235,
ESTAT:TIN00190(1.0),01/02/24 23:00:00,A,TR,TOTAL,N_GE1,NR,NL,2015,677441,
ESTAT:TIN00190(1.0),01/02/24 23:00:00,A,TR,TOTAL,N_GE1,NR,NL,2016,448973,
ESTAT:TIN00190(1.0),01/02/24 23:00:00,A,TR,TOTAL,N_GE1,NR,NL,2017,370742,
ESTAT:TIN00190(1.0),01/02/24 23:00:00,A,TR,TOTAL,N_GE1,NR,NL,2018,526943,
ESTAT:TIN00190(1.0),01/02/24 23:00:00,A,TR,TOTAL,N_GE1,NR,NL,2019,616443,
ESTAT:TIN00190(1.0),01/02/24 23:00:00,A,TR,TOTAL,N_GE1,NR,NL,2020,,u
ESTAT:TIN00190(1.0),01/02/24 23:00:00,A,TR,TOTAL,N_GE1,NR,NL,2021,113900,
ESTAT:TIN00190(1.0),01/02/24 23:00:00,A,TR,TOTAL,N_GE1,NR,NL,2022,422706,
ESTAT:TIN00190(1.0),01/02/24 23:00:00,A,UA,TOTAL,N_GE1,NR,NL,2012,,u
ESTAT:TIN00190(1.0),01/02/24 23:00:00,A,UA,TOTAL,N_GE1,NR,NL,2013,,u
ESTAT:TIN00190(1.0),01/02/24 23:00:00,A,UA,TOTAL,N_GE1,NR,NL,2014,,u
ESTAT:TIN00190(1.0),01/02/24 23:00:00,A,UA,TOTAL,N_GE1,NR,NL,2015,,u
ESTAT:TIN00190(1.0),01/02/24 23:00:00,A,UA,TOTAL,N_GE1,NR,NL,2016,,u
ESTAT:TIN00190(1.0),01/02/24 23:00:00,A,UA,TOTAL,N_GE1,NR,NL,2017,,u
ESTAT:TIN00190(1.0),01/02/24 23:00:00,A,UA,TOTAL,N_GE1,NR,NL,2018,,u
ESTAT:TIN00190(1.0),01/02/24 23:00:00,A,UA,TOTAL,N_GE1,NR,NL,2019,,u
ESTAT:TIN00190(1.0),01/02/24 23:00:00,A,UA,TOTAL,N_GE1,NR,NL,2020,,u
ESTAT:TIN00190(1.0),01/02/24 23:00:00,A,UA,TOTAL,N_GE1,NR,NL,2021,,u
ESTAT:TIN00190(1.0),01/02/24 23:00:00,A,UA,TOTAL,N_GE1,NR,NL,2022,,u
ESTAT:TIN00190(1.0),01/02/24 23:00:00,A,UK,TOTAL,N_GE1,NR,NL,2012,884333,b
ESTAT:TIN00190(1.0),01/02/24 23:00:00,A,UK,TOTAL,N_GE1,NR,NL,2013,984365,
ESTAT:TIN00190(1.0),01/02/24 23:00:00,A,UK,TOTAL,N_GE1,NR,NL,2014,963873,
ESTAT:TIN00190(1.0),01/02/24 23:00:00,A,UK,TOTAL,N_GE1,NR,NL,2015,886636,
ESTAT:TIN00190(1.0),01/02/24 23:00:00,A,UK,TOTAL,N_GE1,NR,NL,2016,994167,
ESTAT:TIN00190(1.0),01/02/24 23:00:00,A,UK,TOTAL,N_GE1,NR,NL,2017,1125074,
ESTAT:TIN00190(1.0),01/02/24 23:00:00,A,UK,TOTAL,N_GE1,NR,NL,2018,1233455,
ESTAT:TIN00190(1.0),01/02/24 23:00:00,A,UK,TOTAL,N_GE1,NR,NL,2019,1223173,
ESTAT:TIN00190(1.0),01/02/24 23:00:00,A,UK,TOTAL,N_GE1,NR,NL,2020,245195,
ESTAT:TIN00190(1.0),01/02/24 23:00:00,A,UK,TOTAL,N_GE1,NR,NL,2021,200940,
ESTAT:TIN00190(1.0),01/02/24 23:00:00,A,UK,TOTAL,N_GE1,NR,NL,2022,1143902,
